{"test_metric": 42, "_timestamp": 1699565607.313283, "_runtime": 2.8059349060058594, "_step": 0, "_wandb": {"runtime": 2}}