{"processed_text": "Hello World", "_timestamp": 1700202798.3465044, "_runtime": 2.1983914375305176, "_step": 0, "_wandb": {"runtime": 1}}