{"processed_text": "Hello World", "_timestamp": 1699571383.5604444, "_runtime": 4.160158395767212, "_step": 0, "_wandb": {"runtime": 3}}