{"processed_text": "default text in", "_timestamp": 1701600392.7149065, "_runtime": 1.9973974227905273, "_step": 0, "_wandb": {"runtime": 1}}