{"processed_text": "default text in", "_timestamp": 1699568483.4141142, "_runtime": 2.139517307281494, "_step": 0, "_wandb": {"runtime": 1}}