{"processed_text": "Hello from step 1 (main)!", "_timestamp": 1701610259.515261, "_runtime": 1.8684959411621094, "_step": 0, "_wandb": {"runtime": 1}}