{"processed_text": "Hello from step 1 (main)!", "_timestamp": 1701609824.0898976, "_runtime": 2.4190235137939453, "_step": 0, "_wandb": {"runtime": 1}}