{"processed_text": "default text in", "_timestamp": 1701600356.5912666, "_runtime": 2.48124361038208, "_step": 0, "_wandb": {"runtime": 1}}