{"processed_text": "Hello from step 1 (main)!", "_timestamp": 1701610111.6258976, "_runtime": 1.9252915382385254, "_step": 0, "_wandb": {"runtime": 1}}